image,label
1073_3.tif,1073_3.png
170.tif,170.png
500.tif,500.png
286.tif,286.png
240.tif,240.png
1012.tif,1012.png
343.tif,343.png
356.tif,356.png
578.tif,578.png
212_3.tif,212_3.png
982_14.tif,982_14.png
195_5.tif,195_5.png
1150_3.tif,1150_3.png
477.tif,477.png
1390.tif,1390.png
1369.tif,1369.png
1408.tif,1408.png
1265.tif,1265.png
338.tif,338.png
26.tif,26.png
1407_2.tif,1407_2.png
113_11.tif,113_11.png
1468.tif,1468.png
1326.tif,1326.png
903.tif,903.png
431_14.tif,431_14.png
856.tif,856.png
309.tif,309.png
292.tif,292.png
686.tif,686.png
1344.tif,1344.png
789_12.tif,789_12.png
48.tif,48.png
1441.tif,1441.png
967.tif,967.png
954.tif,954.png
737.tif,737.png
814.tif,814.png
195_0.tif,195_0.png
669.tif,669.png
888.tif,888.png
625.tif,625.png
1455.tif,1455.png
1360.tif,1360.png
1407_3.tif,1407_3.png
1444.tif,1444.png
1479.tif,1479.png
1338.tif,1338.png
1474.tif,1474.png
1113.tif,1113.png
1060_3.tif,1060_3.png
575.tif,575.png
982_13.tif,982_13.png
1258.tif,1258.png
1420_12.tif,1420_12.png
779.tif,779.png
90.tif,90.png
137.tif,137.png
644.tif,644.png
760_3.tif,760_3.png
585_4.tif,585_4.png
1393.tif,1393.png
64_14.tif,64_14.png
135.tif,135.png
195_9.tif,195_9.png
134.tif,134.png
587.tif,587.png
449.tif,449.png
518.tif,518.png
966.tif,966.png
485.tif,485.png
760_2.tif,760_2.png
430.tif,430.png
1461.tif,1461.png
689_3.tif,689_3.png
125_2.tif,125_2.png
493.tif,493.png
345.tif,345.png
423.tif,423.png
1127.tif,1127.png
649.tif,649.png
893.tif,893.png
1142_8.tif,1142_8.png
584.tif,584.png
1140.tif,1140.png
1308.tif,1308.png
1438.tif,1438.png
186.tif,186.png
146.tif,146.png
603_1.tif,603_1.png
1051.tif,1051.png
256.tif,256.png
1227.tif,1227.png
553.tif,553.png
64_11.tif,64_11.png
1043_7.tif,1043_7.png
756_2.tif,756_2.png
308_1.tif,308_1.png
402_11.tif,402_11.png
1407_0.tif,1407_0.png
93_2.tif,93_2.png
402_15.tif,402_15.png
460.tif,460.png
758.tif,758.png
795.tif,795.png
1164.tif,1164.png
641.tif,641.png
585_10.tif,585_10.png
336.tif,336.png
431_6.tif,431_6.png
1019.tif,1019.png
682.tif,682.png
1048.tif,1048.png
883_3.tif,883_3.png
720_1.tif,720_1.png
585_12.tif,585_12.png
513.tif,513.png
564.tif,564.png
254_2.tif,254_2.png
1231.tif,1231.png
574.tif,574.png
1104.tif,1104.png
664.tif,664.png
402_7.tif,402_7.png
76.tif,76.png
149.tif,149.png
244.tif,244.png
1150_1.tif,1150_1.png
949.tif,949.png
9.tif,9.png
379.tif,379.png
414_3.tif,414_3.png
1041.tif,1041.png
991.tif,991.png
1033.tif,1033.png
1357_1.tif,1357_1.png
1047.tif,1047.png
694_9.tif,694_9.png
558.tif,558.png
1357_0.tif,1357_0.png
798.tif,798.png
701.tif,701.png
308_2.tif,308_2.png
1273.tif,1273.png
242.tif,242.png
1203.tif,1203.png
273_6.tif,273_6.png
1324.tif,1324.png
1383.tif,1383.png
1389_3.tif,1389_3.png
104.tif,104.png
162.tif,162.png
805_4.tif,805_4.png
648.tif,648.png
5.tif,5.png
1480.tif,1480.png
706.tif,706.png
41.tif,41.png
452_7.tif,452_7.png
93_10.tif,93_10.png
1043_9.tif,1043_9.png
1073_1.tif,1073_1.png
10_11.tif,10_11.png
1362.tif,1362.png
944_13.tif,944_13.png
195_10.tif,195_10.png
1420_10.tif,1420_10.png
65_3.tif,65_3.png
1004.tif,1004.png
825.tif,825.png
1211.tif,1211.png
1221.tif,1221.png
302.tif,302.png
1089_1.tif,1089_1.png
898.tif,898.png
1209.tif,1209.png
926.tif,926.png
767_0.tif,767_0.png
31_3.tif,31_3.png
482_3.tif,482_3.png
267.tif,267.png
1499.tif,1499.png
78.tif,78.png
772_0.tif,772_0.png
1241_1.tif,1241_1.png
793.tif,793.png
702_3.tif,702_3.png
133.tif,133.png
861_0.tif,861_0.png
829.tif,829.png
530.tif,530.png
273_11.tif,273_11.png
10_12.tif,10_12.png
422.tif,422.png
1222.tif,1222.png
396.tif,396.png
756_1.tif,756_1.png
724.tif,724.png
1150_12.tif,1150_12.png
405.tif,405.png
789_2.tif,789_2.png
1183.tif,1183.png
482_1.tif,482_1.png
314.tif,314.png
802.tif,802.png
1215.tif,1215.png
1168.tif,1168.png
153.tif,153.png
951.tif,951.png
156.tif,156.png
259.tif,259.png
502.tif,502.png
1420_0.tif,1420_0.png
1096.tif,1096.png
113_5.tif,113_5.png
102.tif,102.png
1043_8.tif,1043_8.png
1414.tif,1414.png
317.tif,317.png
1197.tif,1197.png
212_1.tif,212_1.png
1044.tif,1044.png
843_2.tif,843_2.png
761.tif,761.png
1294.tif,1294.png
1141.tif,1141.png
1065.tif,1065.png
1144.tif,1144.png
402_1.tif,402_1.png
1244.tif,1244.png
805_6.tif,805_6.png
1322_1.tif,1322_1.png
23.tif,23.png
273_13.tif,273_13.png
1417.tif,1417.png
452_1.tif,452_1.png
874.tif,874.png
934.tif,934.png
195_2.tif,195_2.png
1394.tif,1394.png
394.tif,394.png
1368.tif,1368.png
1241_0.tif,1241_0.png
1359_3.tif,1359_3.png
694_5.tif,694_5.png
64_2.tif,64_2.png
1262.tif,1262.png
1420_3.tif,1420_3.png
1014_3.tif,1014_3.png
371.tif,371.png
1469.tif,1469.png
725.tif,725.png
73.tif,73.png
820.tif,820.png
608.tif,608.png
491.tif,491.png
1089_13.tif,1089_13.png
773.tif,773.png
653.tif,653.png
10_6.tif,10_6.png
10_9.tif,10_9.png
431_15.tif,431_15.png
1410.tif,1410.png
1395_0.tif,1395_0.png
982_2.tif,982_2.png
231.tif,231.png
195_15.tif,195_15.png
395_1.tif,395_1.png
1191.tif,1191.png
788.tif,788.png
160.tif,160.png
209.tif,209.png
1424.tif,1424.png
1169.tif,1169.png
1021.tif,1021.png
36.tif,36.png
246.tif,246.png
1094.tif,1094.png
475.tif,475.png
982_6.tif,982_6.png
431_5.tif,431_5.png
273_4.tif,273_4.png
195_12.tif,195_12.png
1117.tif,1117.png
1150_0.tif,1150_0.png
64_15.tif,64_15.png
1166.tif,1166.png
1452.tif,1452.png
566.tif,566.png
1234.tif,1234.png
1267.tif,1267.png
278.tif,278.png
982_11.tif,982_11.png
1228.tif,1228.png
975_1.tif,975_1.png
603_13.tif,603_13.png
1217.tif,1217.png
305.tif,305.png
1350_3.tif,1350_3.png
1298.tif,1298.png
1289.tif,1289.png
694_13.tif,694_13.png
523.tif,523.png
1477.tif,1477.png
694_12.tif,694_12.png
978.tif,978.png
749.tif,749.png
308_3.tif,308_3.png
1497.tif,1497.png
366.tif,366.png
474.tif,474.png
1322_3.tif,1322_3.png
900.tif,900.png
454.tif,454.png
251.tif,251.png
1181.tif,1181.png
1346.tif,1346.png
908.tif,908.png
80.tif,80.png
227.tif,227.png
544.tif,544.png
789_13.tif,789_13.png
996.tif,996.png
465.tif,465.png
1225.tif,1225.png
452_2.tif,452_2.png
767_3.tif,767_3.png
1357_3.tif,1357_3.png
37.tif,37.png
517.tif,517.png
461_3.tif,461_3.png
97.tif,97.png
619.tif,619.png
789_15.tif,789_15.png
854.tif,854.png
297.tif,297.png
1219_2.tif,1219_2.png
1135_2.tif,1135_2.png
216.tif,216.png
598.tif,598.png
821_1.tif,821_1.png
902.tif,902.png
805_10.tif,805_10.png
501.tif,501.png
1253_4.tif,1253_4.png
195_8.tif,195_8.png
851.tif,851.png
245.tif,245.png
1083.tif,1083.png
1027_1.tif,1027_1.png
250.tif,250.png
273_9.tif,273_9.png
427.tif,427.png
1411.tif,1411.png
537_2.tif,537_2.png
947.tif,947.png
1028.tif,1028.png
694_11.tif,694_11.png
249.tif,249.png
191.tif,191.png
1017.tif,1017.png
206.tif,206.png
1307.tif,1307.png
1406_1.tif,1406_1.png
579.tif,579.png
1336.tif,1336.png
444.tif,444.png
596.tif,596.png
1182_3.tif,1182_3.png
614.tif,614.png
590.tif,590.png
794.tif,794.png
1147.tif,1147.png
1111.tif,1111.png
1239.tif,1239.png
1259_1.tif,1259_1.png
571.tif,571.png
582.tif,582.png
904.tif,904.png
113_0.tif,113_0.png
484.tif,484.png
370.tif,370.png
1131.tif,1131.png
816.tif,816.png
1064.tif,1064.png
959.tif,959.png
431_11.tif,431_11.png
143.tif,143.png
1356.tif,1356.png
1340.tif,1340.png
643.tif,643.png
46.tif,46.png
376.tif,376.png
88.tif,88.png
961.tif,961.png
711.tif,711.png
61.tif,61.png
741.tif,741.png
944_2.tif,944_2.png
1459.tif,1459.png
1253_15.tif,1253_15.png
65_2.tif,65_2.png
622.tif,622.png
812.tif,812.png
69.tif,69.png
1089_9.tif,1089_9.png
525.tif,525.png
273_3.tif,273_3.png
165.tif,165.png
185.tif,185.png
290.tif,290.png
458.tif,458.png
738_1.tif,738_1.png
1182_2.tif,1182_2.png
418.tif,418.png
1110.tif,1110.png
805_11.tif,805_11.png
1341_2.tif,1341_2.png
204.tif,204.png
845.tif,845.png
548.tif,548.png
210.tif,210.png
327_0.tif,327_0.png
759.tif,759.png
695.tif,695.png
607.tif,607.png
657.tif,657.png
632.tif,632.png
98.tif,98.png
1248.tif,1248.png
30.tif,30.png
1389_0.tif,1389_0.png
1349.tif,1349.png
605.tif,605.png
1142_0.tif,1142_0.png
359.tif,359.png
1282.tif,1282.png
431_4.tif,431_4.png
1039.tif,1039.png
148_2.tif,148_2.png
819.tif,819.png
1035.tif,1035.png
1195_0.tif,1195_0.png
919.tif,919.png
1229.tif,1229.png
944_1.tif,944_1.png
39.tif,39.png
1086.tif,1086.png
1376.tif,1376.png
924.tif,924.png
1297.tif,1297.png
1259_2.tif,1259_2.png
1241_3.tif,1241_3.png
907.tif,907.png
943.tif,943.png
867.tif,867.png
1207.tif,1207.png
512.tif,512.png
254_1.tif,254_1.png
34.tif,34.png
147.tif,147.png
14.tif,14.png
109.tif,109.png
944_11.tif,944_11.png
586.tif,586.png
397.tif,397.png
858.tif,858.png
519.tif,519.png
426.tif,426.png
1272.tif,1272.png
145.tif,145.png
1367_0.tif,1367_0.png
842.tif,842.png
1250.tif,1250.png
113_12.tif,113_12.png
692_2.tif,692_2.png
1493.tif,1493.png
1089_15.tif,1089_15.png
1314.tif,1314.png
1043_12.tif,1043_12.png
1043_5.tif,1043_5.png
68_3.tif,68_3.png
65_1.tif,65_1.png
50.tif,50.png
1242.tif,1242.png
911.tif,911.png
380.tif,380.png
303.tif,303.png
1137.tif,1137.png
1090.tif,1090.png
431_3.tif,431_3.png
921.tif,921.png
738_2.tif,738_2.png
650.tif,650.png
1381.tif,1381.png
1436.tif,1436.png
894.tif,894.png
1253_12.tif,1253_12.png
110.tif,110.png
982_12.tif,982_12.png
560.tif,560.png
1263.tif,1263.png
82.tif,82.png
237.tif,237.png
148_3.tif,148_3.png
815.tif,815.png
96.tif,96.png
522.tif,522.png
1237.tif,1237.png
1270.tif,1270.png
1236.tif,1236.png
93_5.tif,93_5.png
601.tif,601.png
1331.tif,1331.png
20.tif,20.png
1.tif,1.png
603_14.tif,603_14.png
813.tif,813.png
671.tif,671.png
821_2.tif,821_2.png
766.tif,766.png
1375.tif,1375.png
295.tif,295.png
1303_2.tif,1303_2.png
1020.tif,1020.png
1290.tif,1290.png
1182_1.tif,1182_1.png
554.tif,554.png
241.tif,241.png
334.tif,334.png
3.tif,3.png
588.tif,588.png
280.tif,280.png
228.tif,228.png
572.tif,572.png
729.tif,729.png
805_14.tif,805_14.png
1327.tif,1327.png
363.tif,363.png
731.tif,731.png
850.tif,850.png
1142_2.tif,1142_2.png
1330.tif,1330.png
982_9.tif,982_9.png
1013.tif,1013.png
1485.tif,1485.png
461_1.tif,461_1.png
18.tif,18.png
486.tif,486.png
272.tif,272.png
208.tif,208.png
64_8.tif,64_8.png
28.tif,28.png
811.tif,811.png
471.tif,471.png
1119.tif,1119.png
930.tif,930.png
1420_14.tif,1420_14.png
1120.tif,1120.png
219.tif,219.png
1024.tif,1024.png
1281.tif,1281.png
212_2.tif,212_2.png
861_2.tif,861_2.png
989.tif,989.png
705.tif,705.png
1188.tif,1188.png
597.tif,597.png
32.tif,32.png
514.tif,514.png
431_10.tif,431_10.png
122.tif,122.png
1445.tif,1445.png
402_0.tif,402_0.png
265.tif,265.png
368.tif,368.png
189.tif,189.png
603_2.tif,603_2.png
83.tif,83.png
56.tif,56.png
195_13.tif,195_13.png
1193.tif,1193.png
337.tif,337.png
72.tif,72.png
1274.tif,1274.png
843_0.tif,843_0.png
506.tif,506.png
1204.tif,1204.png
151.tif,151.png
257.tif,257.png
6.tif,6.png
164.tif,164.png
378.tif,378.png
177.tif,177.png
791.tif,791.png
1420_9.tif,1420_9.png
694_15.tif,694_15.png
10_4.tif,10_4.png
375.tif,375.png
577.tif,577.png
152.tif,152.png
1460.tif,1460.png
322.tif,322.png
521.tif,521.png
2.tif,2.png
537_1.tif,537_1.png
1060_2.tif,1060_2.png
569.tif,569.png
585_5.tif,585_5.png
707.tif,707.png
93_7.tif,93_7.png
999.tif,999.png
417.tif,417.png
527.tif,527.png
1213.tif,1213.png
1142_7.tif,1142_7.png
770.tif,770.png
531.tif,531.png
1089_6.tif,1089_6.png
395_2.tif,395_2.png
1100.tif,1100.png
938.tif,938.png
1042.tif,1042.png
243.tif,243.png
702_1.tif,702_1.png
141.tif,141.png
1367_1.tif,1367_1.png
674.tif,674.png
688.tif,688.png
1266.tif,1266.png
681.tif,681.png
822_0.tif,822_0.png
1034.tif,1034.png
1313.tif,1313.png
1072.tif,1072.png
10_2.tif,10_2.png
1253_11.tif,1253_11.png
1319.tif,1319.png
603_0.tif,603_0.png
483.tif,483.png
211.tif,211.png
190.tif,190.png
1016.tif,1016.png
573.tif,573.png
215.tif,215.png
473.tif,473.png
91.tif,91.png
1253_1.tif,1253_1.png
692_0.tif,692_0.png
1427.tif,1427.png
684.tif,684.png
49.tif,49.png
990.tif,990.png
1483.tif,1483.png
1049.tif,1049.png
652.tif,652.png
461_0.tif,461_0.png
772_3.tif,772_3.png
1275.tif,1275.png
347_1.tif,347_1.png
1022.tif,1022.png
1023.tif,1023.png
1142_11.tif,1142_11.png
311.tif,311.png
988.tif,988.png
1384_3.tif,1384_3.png
708.tif,708.png
763.tif,763.png
1102.tif,1102.png
585_7.tif,585_7.png
327_2.tif,327_2.png
568_3.tif,568_3.png
872.tif,872.png
1292.tif,1292.png
1413.tif,1413.png
437_3.tif,437_3.png
1285.tif,1285.png
452_11.tif,452_11.png
1150_8.tif,1150_8.png
1115.tif,1115.png
585_8.tif,585_8.png
54.tif,54.png
327_3.tif,327_3.png
810.tif,810.png
1428.tif,1428.png
775.tif,775.png
113_1.tif,113_1.png
472.tif,472.png
946.tif,946.png
789_14.tif,789_14.png
696.tif,696.png
834.tif,834.png
1472.tif,1472.png
387.tif,387.png
391.tif,391.png
843_3.tif,843_3.png
899.tif,899.png
47.tif,47.png
944_14.tif,944_14.png
1014_0.tif,1014_0.png
395_3.tif,395_3.png
416.tif,416.png
187.tif,187.png
1089_10.tif,1089_10.png
678.tif,678.png
335.tif,335.png
691.tif,691.png
10_3.tif,10_3.png
10_5.tif,10_5.png
1112.tif,1112.png
445.tif,445.png
1412.tif,1412.png
1190.tif,1190.png
889.tif,889.png
288.tif,288.png
1109.tif,1109.png
434.tif,434.png
452_3.tif,452_3.png
776.tif,776.png
266.tif,266.png
401.tif,401.png
1128.tif,1128.png
202.tif,202.png
232.tif,232.png
860.tif,860.png
1442.tif,1442.png
70.tif,70.png
942.tif,942.png
393.tif,393.png
1253_13.tif,1253_13.png
594.tif,594.png
915.tif,915.png
1325_0.tif,1325_0.png
1134.tif,1134.png
59.tif,59.png
364.tif,364.png
1091.tif,1091.png
952.tif,952.png
402_3.tif,402_3.png
1116.tif,1116.png
464.tif,464.png
1253_3.tif,1253_3.png
972.tif,972.png
1389_1.tif,1389_1.png
944_12.tif,944_12.png
421.tif,421.png
848.tif,848.png
234.tif,234.png
647.tif,647.png
927.tif,927.png
857.tif,857.png
1440.tif,1440.png
736.tif,736.png
768.tif,768.png
977.tif,977.png
136.tif,136.png
197.tif,197.png
1467.tif,1467.png
799.tif,799.png
956.tif,956.png
1052.tif,1052.png
62.tif,62.png
87.tif,87.png
1089_4.tif,1089_4.png
981.tif,981.png
273_0.tif,273_0.png
503.tif,503.png
412.tif,412.png
1153.tif,1153.png
673.tif,673.png
181.tif,181.png
93_12.tif,93_12.png
1185.tif,1185.png
287.tif,287.png
93_13.tif,93_13.png
299.tif,299.png
24.tif,24.png
1124.tif,1124.png
431_2.tif,431_2.png
106.tif,106.png
1241_2.tif,1241_2.png
1027_3.tif,1027_3.png
712.tif,712.png
1206.tif,1206.png
789_5.tif,789_5.png
906.tif,906.png
446.tif,446.png
1470.tif,1470.png
618.tif,618.png
979.tif,979.png
93_9.tif,93_9.png
805_15.tif,805_15.png
389.tif,389.png
93_8.tif,93_8.png
117.tif,117.png
1177.tif,1177.png
1150_14.tif,1150_14.png
603_5.tif,603_5.png
431_0.tif,431_0.png
1312.tif,1312.png
817.tif,817.png
1253_6.tif,1253_6.png
631.tif,631.png
329.tif,329.png
441.tif,441.png
431_9.tif,431_9.png
689_1.tif,689_1.png
1420_2.tif,1420_2.png
233.tif,233.png
1018.tif,1018.png
1345.tif,1345.png
720_3.tif,720_3.png
200.tif,200.png
836.tif,836.png
545.tif,545.png
31_0.tif,31_0.png
1057.tif,1057.png
415.tif,415.png
1305.tif,1305.png
67.tif,67.png
1475.tif,1475.png
555.tif,555.png
113_7.tif,113_7.png
844.tif,844.png
1500.tif,1500.png
1208.tif,1208.png
507.tif,507.png
390.tif,390.png
159_0.tif,159_0.png
882.tif,882.png
1070.tif,1070.png
585_1.tif,585_1.png
4.tif,4.png
1150_6.tif,1150_6.png
745.tif,745.png
1199.tif,1199.png
1370.tif,1370.png
1194.tif,1194.png
254_3.tif,254_3.png
11.tif,11.png
217.tif,217.png
195_11.tif,195_11.png
703.tif,703.png
1043_15.tif,1043_15.png
169.tif,169.png
275.tif,275.png
563.tif,563.png
1074.tif,1074.png
935.tif,935.png
437_0.tif,437_0.png
327_1.tif,327_1.png
950.tif,950.png
120.tif,120.png
828.tif,828.png
709.tif,709.png
694_4.tif,694_4.png
740_0.tif,740_0.png
824.tif,824.png
263_1.tif,263_1.png
58.tif,58.png
291.tif,291.png
1219_1.tif,1219_1.png
273_5.tif,273_5.png
861_1.tif,861_1.png
221.tif,221.png
868.tif,868.png
1439.tif,1439.png
887.tif,887.png
1392.tif,1392.png
1238.tif,1238.png
1388.tif,1388.png
1224.tif,1224.png
95.tif,95.png
1219_3.tif,1219_3.png
1142_6.tif,1142_6.png
997.tif,997.png
130.tif,130.png
916.tif,916.png
1471.tif,1471.png
565.tif,565.png
403.tif,403.png
1353.tif,1353.png
789_8.tif,789_8.png
113_14.tif,113_14.png
786.tif,786.png
801.tif,801.png
1264.tif,1264.png
881.tif,881.png
863.tif,863.png
268.tif,268.png
75.tif,75.png
585_15.tif,585_15.png
702_2.tif,702_2.png
452_14.tif,452_14.png
1032.tif,1032.png
456.tif,456.png
1108.tif,1108.png
1089_3.tif,1089_3.png
402_2.tif,402_2.png
328.tif,328.png
1420_4.tif,1420_4.png
1367_2.tif,1367_2.png
583.tif,583.png
15.tif,15.png
1150_7.tif,1150_7.png
697.tif,697.png
1129.tif,1129.png
459_3.tif,459_3.png
273_7.tif,273_7.png
1150_5.tif,1150_5.png
547.tif,547.png
1385.tif,1385.png
1300.tif,1300.png
431_13.tif,431_13.png
936.tif,936.png
585_13.tif,585_13.png
1027_2.tif,1027_2.png
131.tif,131.png
1429.tif,1429.png
431_8.tif,431_8.png
1451.tif,1451.png
738_3.tif,738_3.png
777.tif,777.png
166.tif,166.png
1135_0.tif,1135_0.png
377_2.tif,377_2.png
526.tif,526.png
716.tif,716.png
154.tif,154.png
443.tif,443.png
1089_14.tif,1089_14.png
1310.tif,1310.png
585_14.tif,585_14.png
1061.tif,1061.png
1154.tif,1154.png
1259_3.tif,1259_3.png
377_1.tif,377_1.png
1150_15.tif,1150_15.png
603_15.tif,603_15.png
606.tif,606.png
1405.tif,1405.png
621.tif,621.png
883_2.tif,883_2.png
764.tif,764.png
914.tif,914.png
195_1.tif,195_1.png
646.tif,646.png
866.tif,866.png
751.tif,751.png
685.tif,685.png
1253_2.tif,1253_2.png
1085.tif,1085.png
452_6.tif,452_6.png
941.tif,941.png
957.tif,957.png
399.tif,399.png
105.tif,105.png
1350_1.tif,1350_1.png
318.tif,318.png
1339.tif,1339.png
692_1.tif,692_1.png
585_11.tif,585_11.png
174.tif,174.png
157.tif,157.png
1286.tif,1286.png
1372.tif,1372.png
1160.tif,1160.png
1447.tif,1447.png
885.tif,885.png
1354.tif,1354.png
433.tif,433.png
57.tif,57.png
1352.tif,1352.png
636.tif,636.png
603_9.tif,603_9.png
333.tif,333.png
1173.tif,1173.png
495.tif,495.png
8.tif,8.png
933.tif,933.png
386.tif,386.png
498.tif,498.png
1341_3.tif,1341_3.png
679.tif,679.png
982_1.tif,982_1.png
1198.tif,1198.png
159_2.tif,159_2.png
247.tif,247.png
982_15.tif,982_15.png
1496_3.tif,1496_3.png
63.tif,63.png
1159.tif,1159.png
805_9.tif,805_9.png
1488.tif,1488.png
124.tif,124.png
53.tif,53.png
1043_0.tif,1043_0.png
402_4.tif,402_4.png
806.tif,806.png
846.tif,846.png
1347.tif,1347.png
532.tif,532.png
968.tif,968.png
1038.tif,1038.png
1396.tif,1396.png
984.tif,984.png
79.tif,79.png
897.tif,897.png
1335.tif,1335.png
1073_0.tif,1073_0.png
931.tif,931.png
85.tif,85.png
789_4.tif,789_4.png
809.tif,809.png
1355.tif,1355.png
365.tif,365.png
1232.tif,1232.png
436.tif,436.png
382.tif,382.png
225.tif,225.png
603_11.tif,603_11.png
585_6.tif,585_6.png
10_1.tif,10_1.png
656.tif,656.png
467.tif,467.png
1418.tif,1418.png
1123.tif,1123.png
352.tif,352.png
307.tif,307.png
804.tif,804.png
659.tif,659.png
93_14.tif,93_14.png
1009.tif,1009.png
655.tif,655.png
1098.tif,1098.png
976.tif,976.png
293.tif,293.png
140.tif,140.png
1027_0.tif,1027_0.png
610.tif,610.png
805_7.tif,805_7.png
119.tif,119.png
1093.tif,1093.png
760_1.tif,760_1.png
407.tif,407.png
962.tif,962.png
1089_5.tif,1089_5.png
983.tif,983.png
279.tif,279.png
1002.tif,1002.png
971.tif,971.png
184.tif,184.png
29.tif,29.png
1196.tif,1196.png
805_0.tif,805_0.png
1407_1.tif,1407_1.png
562.tif,562.png
1333.tif,1333.png
478.tif,478.png
772_2.tif,772_2.png
81_1.tif,81_1.png
468_2.tif,468_2.png
1437.tif,1437.png
1122.tif,1122.png
603_7.tif,603_7.png
853.tif,853.png
640.tif,640.png
1425.tif,1425.png
1420_15.tif,1420_15.png
398.tif,398.png
1089_8.tif,1089_8.png
509.tif,509.png
975_3.tif,975_3.png
195_14.tif,195_14.png
1464.tif,1464.png
739.tif,739.png
1075.tif,1075.png
537_3.tif,537_3.png
910.tif,910.png
1226.tif,1226.png
172.tif,172.png
1295.tif,1295.png
402_14.tif,402_14.png
94.tif,94.png
975_2.tif,975_2.png
520.tif,520.png
42.tif,42.png
1252.tif,1252.png
1311_1.tif,1311_1.png
604.tif,604.png
627.tif,627.png
1078.tif,1078.png
726.tif,726.png
347_3.tif,347_3.png
944_7.tif,944_7.png
982_8.tif,982_8.png
841.tif,841.png
738_0.tif,738_0.png
374.tif,374.png
1399.tif,1399.png
556.tif,556.png
1142_14.tif,1142_14.png
1223.tif,1223.png
440.tif,440.png
944_6.tif,944_6.png
1201.tif,1201.png
645.tif,645.png
762.tif,762.png
909.tif,909.png
424.tif,424.png
1426.tif,1426.png
734.tif,734.png
539.tif,539.png
13.tif,13.png
51.tif,51.png
93_15.tif,93_15.png
1099.tif,1099.png
214.tif,214.png
1189.tif,1189.png
138.tif,138.png
1423.tif,1423.png
1495.tif,1495.png
409.tif,409.png
805_13.tif,805_13.png
1379.tif,1379.png
843_1.tif,843_1.png
277.tif,277.png
226.tif,226.png
1132.tif,1132.png
264.tif,264.png
879.tif,879.png
1398.tif,1398.png
452_4.tif,452_4.png
789_3.tif,789_3.png
33.tif,33.png
1087.tif,1087.png
64_10.tif,64_10.png
392.tif,392.png
1287.tif,1287.png
1150_4.tif,1150_4.png
114.tif,114.png
585_9.tif,585_9.png
93_1.tif,93_1.png
1284.tif,1284.png
1304.tif,1304.png
296.tif,296.png
195_3.tif,195_3.png
855.tif,855.png
431_1.tif,431_1.png
744.tif,744.png
461_2.tif,461_2.png
68_2.tif,68_2.png
1043_14.tif,1043_14.png
1246.tif,1246.png
923.tif,923.png
982_10.tif,982_10.png
1276.tif,1276.png
273_8.tif,273_8.png
1082.tif,1082.png
541.tif,541.png
1491.tif,1491.png
690.tif,690.png
1240.tif,1240.png
255.tif,255.png
414_0.tif,414_0.png
457.tif,457.png
1321.tif,1321.png
1180.tif,1180.png
313.tif,313.png
901.tif,901.png
218.tif,218.png
1481.tif,1481.png
123.tif,123.png
1133.tif,1133.png
1142_1.tif,1142_1.png
1259_0.tif,1259_0.png
31_1.tif,31_1.png
1358.tif,1358.png
466.tif,466.png
447.tif,447.png
492.tif,492.png
783.tif,783.png
1306.tif,1306.png
81_3.tif,81_3.png
542.tif,542.png
1220.tif,1220.png
1454.tif,1454.png
960.tif,960.png
895.tif,895.png
1431.tif,1431.png
60.tif,60.png
1214.tif,1214.png
1050.tif,1050.png
1420_5.tif,1420_5.png
1003.tif,1003.png
64_0.tif,64_0.png
324.tif,324.png
913.tif,913.png
479.tif,479.png
1135_3.tif,1135_3.png
805_5.tif,805_5.png
194.tif,194.png
252.tif,252.png
568_2.tif,568_2.png
1415.tif,1415.png
756_0.tif,756_0.png
1348.tif,1348.png
580.tif,580.png
694_1.tif,694_1.png
425.tif,425.png
452_13.tif,452_13.png
634.tif,634.png
1484.tif,1484.png
698.tif,698.png
273_15.tif,273_15.png
603_12.tif,603_12.png
408.tif,408.png
833.tif,833.png
1081.tif,1081.png
195_7.tif,195_7.png
414_2.tif,414_2.png
982_5.tif,982_5.png
1303_3.tif,1303_3.png
720_0.tif,720_0.png
721.tif,721.png
543.tif,543.png
651.tif,651.png
1279.tif,1279.png
748.tif,748.png
516.tif,516.png
676.tif,676.png
1014_2.tif,1014_2.png
628.tif,628.png
859.tif,859.png
71.tif,71.png
818.tif,818.png
487.tif,487.png
772_1.tif,772_1.png
89.tif,89.png
756_3.tif,756_3.png
1043_3.tif,1043_3.png
1001.tif,1001.png
986.tif,986.png
1458.tif,1458.png
195_4.tif,195_4.png
468_1.tif,468_1.png
945.tif,945.png
1142_13.tif,1142_13.png
1178.tif,1178.png
1043_11.tif,1043_11.png
1233.tif,1233.png
1202.tif,1202.png
1150_11.tif,1150_11.png
1007.tif,1007.png
19.tif,19.png
1487.tif,1487.png
536.tif,536.png
199.tif,199.png
710.tif,710.png
1163.tif,1163.png
25.tif,25.png
448.tif,448.png
689_0.tif,689_0.png
1089_7.tif,1089_7.png
1105.tif,1105.png
662.tif,662.png
599.tif,599.png
658.tif,658.png
253.tif,253.png
1391.tif,1391.png
1465.tif,1465.png
883_1.tif,883_1.png
101.tif,101.png
1205.tif,1205.png
142.tif,142.png
1053.tif,1053.png
1142_10.tif,1142_10.png
1031.tif,1031.png
1103.tif,1103.png
1337.tif,1337.png
585_2.tif,585_2.png
1402.tif,1402.png
591.tif,591.png
113_9.tif,113_9.png
789_0.tif,789_0.png
68_1.tif,68_1.png
1150_9.tif,1150_9.png
1253_9.tif,1253_9.png
865.tif,865.png
113_3.tif,113_3.png
1453.tif,1453.png
615.tif,615.png
668.tif,668.png
970.tif,970.png
754.tif,754.png
438.tif,438.png
1341_1.tif,1341_1.png
1311_2.tif,1311_2.png
694_0.tif,694_0.png
127.tif,127.png
65_0.tif,65_0.png
1043_6.tif,1043_6.png
839.tif,839.png
1006.tif,1006.png
953.tif,953.png
459_2.tif,459_2.png
511.tif,511.png
355.tif,355.png
789_11.tif,789_11.png
1371.tif,1371.png
982_4.tif,982_4.png
1195_3.tif,1195_3.png
118.tif,118.png
624.tif,624.png
692_3.tif,692_3.png
576.tif,576.png
974.tif,974.png
704.tif,704.png
719.tif,719.png
1089_0.tif,1089_0.png
260.tif,260.png
1382.tif,1382.png
52.tif,52.png
1301.tif,1301.png
1080.tif,1080.png
431_7.tif,431_7.png
1043_2.tif,1043_2.png
1463.tif,1463.png
402_13.tif,402_13.png
1077.tif,1077.png
784.tif,784.png
1395_3.tif,1395_3.png
435.tif,435.png
16.tif,16.png
831.tif,831.png
533.tif,533.png
271.tif,271.png
699_3.tif,699_3.png
790.tif,790.png
870.tif,870.png
1283.tif,1283.png
1066.tif,1066.png
1466.tif,1466.png
665.tif,665.png
1054.tif,1054.png
411.tif,411.png
1036.tif,1036.png
757.tif,757.png
534.tif,534.png
450.tif,450.png
1060_1.tif,1060_1.png
369.tif,369.png
922.tif,922.png
1092.tif,1092.png
1062_3.tif,1062_3.png
694_2.tif,694_2.png
1257.tif,1257.png
1026.tif,1026.png
459_1.tif,459_1.png
847.tif,847.png
10_0.tif,10_0.png
64_7.tif,64_7.png
765.tif,765.png
238.tif,238.png
1184.tif,1184.png
1325_3.tif,1325_3.png
263_3.tif,263_3.png
667.tif,667.png
1434.tif,1434.png
694_7.tif,694_7.png
1343.tif,1343.png
358.tif,358.png
320.tif,320.png
1329.tif,1329.png
1449.tif,1449.png
944_10.tif,944_10.png
121.tif,121.png
1416.tif,1416.png
1271.tif,1271.png
192.tif,192.png
767_2.tif,767_2.png
617.tif,617.png
823.tif,823.png
958.tif,958.png
1322_2.tif,1322_2.png
975_0.tif,975_0.png
258.tif,258.png
1149.tif,1149.png
515.tif,515.png
1253_5.tif,1253_5.png
300.tif,300.png
273_10.tif,273_10.png
453.tif,453.png
800.tif,800.png
789_9.tif,789_9.png
985.tif,985.png
840.tif,840.png
746.tif,746.png
1200.tif,1200.png
1247.tif,1247.png
281.tif,281.png
920.tif,920.png
805_3.tif,805_3.png
1342.tif,1342.png
207.tif,207.png
1311_0.tif,1311_0.png
742.tif,742.png
377_0.tif,377_0.png
602.tif,602.png
282.tif,282.png
402_8.tif,402_8.png
144.tif,144.png
148_0.tif,148_0.png
1296.tif,1296.png
862.tif,862.png
1106.tif,1106.png
835.tif,835.png
805_8.tif,805_8.png
780.tif,780.png
1151.tif,1151.png
675.tif,675.png
755.tif,755.png
1332.tif,1332.png
1420_6.tif,1420_6.png
45.tif,45.png
557.tif,557.png
789_6.tif,789_6.png
17.tif,17.png
476.tif,476.png
585_0.tif,585_0.png
494.tif,494.png
1167.tif,1167.png
928.tif,928.png
1496_1.tif,1496_1.png
1171.tif,1171.png
220.tif,220.png
1359_2.tif,1359_2.png
980.tif,980.png
869.tif,869.png
481.tif,481.png
1406_2.tif,1406_2.png
1161.tif,1161.png
1125.tif,1125.png
452_15.tif,452_15.png
733.tif,733.png
561.tif,561.png
1219_0.tif,1219_0.png
1364.tif,1364.png
86.tif,86.png
285.tif,285.png
437_1.tif,437_1.png
384.tif,384.png
612.tif,612.png
298.tif,298.png
66.tif,66.png
781.tif,781.png
1176.tif,1176.png
64_13.tif,64_13.png
452_8.tif,452_8.png
92.tif,92.png
550.tif,550.png
367.tif,367.png
1156.tif,1156.png
1478.tif,1478.png
987.tif,987.png
944_15.tif,944_15.png
230.tif,230.png
111.tif,111.png
1397.tif,1397.png
1126.tif,1126.png
1387.tif,1387.png
1130.tif,1130.png
1138.tif,1138.png
40.tif,40.png
1473.tif,1473.png
1143.tif,1143.png
524.tif,524.png
125_3.tif,125_3.png
559.tif,559.png
797.tif,797.png
235.tif,235.png
944_4.tif,944_4.png
64_4.tif,64_4.png
1043_4.tif,1043_4.png
304.tif,304.png
413.tif,413.png
821_3.tif,821_3.png
1318.tif,1318.png
1422.tif,1422.png
269.tif,269.png
455.tif,455.png
332.tif,332.png
1359_0.tif,1359_0.png
1071.tif,1071.png
1359_1.tif,1359_1.png
1015.tif,1015.png
616.tif,616.png
353.tif,353.png
832.tif,832.png
932.tif,932.png
93_0.tif,93_0.png
1446.tif,1446.png
689_2.tif,689_2.png
497.tif,497.png
125_1.tif,125_1.png
1055.tif,1055.png
351.tif,351.png
180.tif,180.png
1142_4.tif,1142_4.png
600.tif,600.png
108.tif,108.png
837.tif,837.png
585_3.tif,585_3.png
540.tif,540.png
339.tif,339.png
1040.tif,1040.png
10_13.tif,10_13.png
1420_13.tif,1420_13.png
592.tif,592.png
1212.tif,1212.png
821_0.tif,821_0.png
469.tif,469.png
1302.tif,1302.png
912.tif,912.png
462.tif,462.png
595.tif,595.png
1384_0.tif,1384_0.png
635.tif,635.png
713.tif,713.png
1230.tif,1230.png
993.tif,993.png
789_1.tif,789_1.png
1404.tif,1404.png
99.tif,99.png
284.tif,284.png
944_8.tif,944_8.png
452_12.tif,452_12.png
1476.tif,1476.png
973.tif,973.png
740_3.tif,740_3.png
323.tif,323.png
193.tif,193.png
470.tif,470.png
325.tif,325.png
589.tif,589.png
1496_2.tif,1496_2.png
944_9.tif,944_9.png
488.tif,488.png
112.tif,112.png
864.tif,864.png
626.tif,626.png
402_5.tif,402_5.png
1457.tif,1457.png
1316.tif,1316.png
1351.tif,1351.png
603_3.tif,603_3.png
1377.tif,1377.png
529.tif,529.png
1278.tif,1278.png
1187.tif,1187.png
728.tif,728.png
178.tif,178.png
1089_11.tif,1089_11.png
1498.tif,1498.png
1430.tif,1430.png
805_1.tif,805_1.png
1489.tif,1489.png
822_3.tif,822_3.png
482_0.tif,482_0.png
84.tif,84.png
1288.tif,1288.png
1325_2.tif,1325_2.png
1450.tif,1450.png
1135_1.tif,1135_1.png
306.tif,306.png
892.tif,892.png
1059.tif,1059.png
822_2.tif,822_2.png
1010.tif,1010.png
792.tif,792.png
593.tif,593.png
849.tif,849.png
905.tif,905.png
402_9.tif,402_9.png
81_0.tif,81_0.png
301.tif,301.png
982_7.tif,982_7.png
400.tif,400.png
167.tif,167.png
535.tif,535.png
1277.tif,1277.png
1260.tif,1260.png
312.tif,312.png
395_0.tif,395_0.png
404.tif,404.png
383.tif,383.png
1251.tif,1251.png
10_15.tif,10_15.png
64_1.tif,64_1.png
700.tif,700.png
113_10.tif,113_10.png
1366.tif,1366.png
890.tif,890.png
670.tif,670.png
139.tif,139.png
331.tif,331.png
1245.tif,1245.png
1142_3.tif,1142_3.png
1243.tif,1243.png
1114.tif,1114.png
1443.tif,1443.png
1395_1.tif,1395_1.png
349.tif,349.png
93_3.tif,93_3.png
451.tif,451.png
373.tif,373.png
294.tif,294.png
414_1.tif,414_1.png
1179.tif,1179.png
402_6.tif,402_6.png
490.tif,490.png
452_5.tif,452_5.png
77.tif,77.png
1280.tif,1280.png
694_3.tif,694_3.png
115.tif,115.png
263_2.tif,263_2.png
642.tif,642.png
693.tif,693.png
1136.tif,1136.png
1000.tif,1000.png
1073_2.tif,1073_2.png
1341_0.tif,1341_0.png
723.tif,723.png
603_8.tif,603_8.png
1361.tif,1361.png
1029.tif,1029.png
452_10.tif,452_10.png
694_10.tif,694_10.png
1406_3.tif,1406_3.png
171.tif,171.png
1011.tif,1011.png
1142_9.tif,1142_9.png
1490.tif,1490.png
1030.tif,1030.png
1403.tif,1403.png
128.tif,128.png
1322_0.tif,1322_0.png
549.tif,549.png
1145.tif,1145.png
360.tif,360.png
357.tif,357.png
116.tif,116.png
148_1.tif,148_1.png
1378.tif,1378.png
732.tif,732.png
789_10.tif,789_10.png
727.tif,727.png
1384_1.tif,1384_1.png
308_0.tif,308_0.png
1056.tif,1056.png
125_0.tif,125_0.png
1182_0.tif,1182_0.png
944_5.tif,944_5.png
1060_0.tif,1060_0.png
236.tif,236.png
886.tif,886.png
21.tif,21.png
1323.tif,1323.png
326.tif,326.png
528.tif,528.png
568_1.tif,568_1.png
1152.tif,1152.png
964.tif,964.png
720_2.tif,720_2.png
361.tif,361.png
1456.tif,1456.png
196.tif,196.png
223.tif,223.png
891.tif,891.png
1158.tif,1158.png
406.tif,406.png
623.tif,623.png
1068.tif,1068.png
878.tif,878.png
917.tif,917.png
570.tif,570.png
1088.tif,1088.png
1350_2.tif,1350_2.png
1014_1.tif,1014_1.png
161.tif,161.png
1395_2.tif,1395_2.png
861_3.tif,861_3.png
273_12.tif,273_12.png
1328.tif,1328.png
774.tif,774.png
1420_8.tif,1420_8.png
341.tif,341.png
113_2.tif,113_2.png
1195_2.tif,1195_2.png
330.tif,330.png
620.tif,620.png
93_6.tif,93_6.png
827.tif,827.png
1076.tif,1076.png
1157.tif,1157.png
965.tif,965.png
1148.tif,1148.png
1320.tif,1320.png
740_1.tif,740_1.png
1253_14.tif,1253_14.png
735.tif,735.png
1043_1.tif,1043_1.png
1118.tif,1118.png
871.tif,871.png
431_12.tif,431_12.png
505.tif,505.png
283.tif,283.png
489.tif,489.png
581.tif,581.png
1268.tif,1268.png
677.tif,677.png
480.tif,480.png
239.tif,239.png
715.tif,715.png
1186.tif,1186.png
504.tif,504.png
44.tif,44.png
168.tif,168.png
637.tif,637.png
129.tif,129.png
132.tif,132.png
43.tif,43.png
852.tif,852.png
93_4.tif,93_4.png
1043_13.tif,1043_13.png
1142_15.tif,1142_15.png
537_0.tif,537_0.png
372.tif,372.png
760_0.tif,760_0.png
254_0.tif,254_0.png
459_0.tif,459_0.png
263_0.tif,263_0.png
1210.tif,1210.png
179.tif,179.png
1150_13.tif,1150_13.png
437_2.tif,437_2.png
1062_1.tif,1062_1.png
248.tif,248.png
103.tif,103.png
1170.tif,1170.png
113_13.tif,113_13.png
1269.tif,1269.png
948.tif,948.png
639.tif,639.png
718.tif,718.png
224.tif,224.png
1101.tif,1101.png
638.tif,638.png
730.tif,730.png
452_9.tif,452_9.png
126.tif,126.png
499.tif,499.png
672.tif,672.png
789_7.tif,789_7.png
969.tif,969.png
68_0.tif,68_0.png
873.tif,873.png
1195_1.tif,1195_1.png
319.tif,319.png
1409.tif,1409.png
81_2.tif,81_2.png
316.tif,316.png
508.tif,508.png
452_0.tif,452_0.png
482_2.tif,482_2.png
1261.tif,1261.png
714.tif,714.png
1421.tif,1421.png
1293.tif,1293.png
402_10.tif,402_10.png
702_0.tif,702_0.png
680.tif,680.png
1142_12.tif,1142_12.png
113_6.tif,113_6.png
347_0.tif,347_0.png
1079.tif,1079.png
613.tif,613.png
785.tif,785.png
1172.tif,1172.png
150.tif,150.png
1374.tif,1374.png
551.tif,551.png
694_8.tif,694_8.png
385.tif,385.png
1150_10.tif,1150_10.png
1299.tif,1299.png
1121.tif,1121.png
1067.tif,1067.png
1386.tif,1386.png
805_12.tif,805_12.png
1384_2.tif,1384_2.png
1095.tif,1095.png
660.tif,660.png
10_14.tif,10_14.png
113_15.tif,113_15.png
1146.tif,1146.png
939.tif,939.png
1037.tif,1037.png
7.tif,7.png
1062_2.tif,1062_2.png
468_3.tif,468_3.png
173.tif,173.png
1139.tif,1139.png
994.tif,994.png
1256.tif,1256.png
429.tif,429.png
402_12.tif,402_12.png
778.tif,778.png
496.tif,496.png
159_3.tif,159_3.png
289.tif,289.png
699_2.tif,699_2.png
1303_1.tif,1303_1.png
1389_2.tif,1389_2.png
